"Empresa","Item","precio","estado","nomtipo"
"SERVIMERCADEO","BLUSA MATERNA S","31862","Activo","DOTACION"
"SERVIMERCADEO","BLUSA MATERNA M","31862","Activo","DOTACION"
"SERVIMERCADEO","BLUSA MATERNA L","31862","Activo","DOTACION"
"SERVIMERCADEO","BLUSA MATERNA XL","32586","Activo","DOTACION"
"SERVIMERCADEO","BLUSA MATERNA XXL","28000","Activo","DOTACION"
"SERVIMERCADEO","BOTAS INSTALADOR 35","68000","Activo","DOTACION"
"SERVIMERCADEO","BOTAS INSTALADOR 36","68000","Activo","DOTACION"
"SERVIMERCADEO","BOTAS INSTALADOR 37","68000","Activo","DOTACION"
"SERVIMERCADEO","BOTAS INSTALADOR 38","68000","Activo","DOTACION"
"SERVIMERCADEO","BOTAS INSTALADOR 39","68000","Activo","DOTACION"
"SERVIMERCADEO","BOTAS INSTALADOR 40","68000","Activo","DOTACION"
"SERVIMERCADEO","BOTAS INSTALADOR 41","68000","Activo","DOTACION"
"SERVIMERCADEO","BOTAS INSTALADOR 42","68000","Activo","DOTACION"
"SERVIMERCADEO","BOTAS INSTALADOR 43","80000","Activo","DOTACION"
"SERVIMERCADEO","BOTAS INSTALADOR 44","68000","Activo","DOTACION"
"SERVIMERCADEO","BOTAS INSTALADOR 45","68000","Activo","DOTACION"
"SERVIMERCADEO","BOTAS INSTALADOR 46","68000","Activo","DOTACION"
"SERVIMERCADEO","BRAZALETE PARA CARNET","2760","Activo","CARNET"
"SERVIMERCADEO","CAMISA COMERCIAL CON LOGOS EN LAS MANGAS HOMBRE 2XL","69400","Activo","DOTACION"
"SERVIMERCADEO","CAMISA COMERCIAL CON LOGOS EN LAS MANGAS HOMBRE 3XL","69400","Activo","DOTACION"
"SERVIMERCADEO","CAMISA COMERCIAL CON LOGOS EN LAS MANGAS HOMBRE L","69400","Activo","DOTACION"
"SERVIMERCADEO","CAMISA COMERCIAL CON LOGOS EN LAS MANGAS HOMBRE M","69400","Activo","DOTACION"
"SERVIMERCADEO","CAMISA COMERCIAL CON LOGOS EN LAS MANGAS HOMBRE S","69400","Activo","DOTACION"
"SERVIMERCADEO","CAMISA COMERCIAL CON LOGOS EN LAS MANGAS HOMBRE XL","69400","Activo","DOTACION"
"SERVIMERCADEO","CAMISA COMERCIAL CON LOGOS EN LAS MANGAS MUJER 2XL","67800","Activo","DOTACION"
"SERVIMERCADEO","CAMISA COMERCIAL CON LOGOS EN LAS MANGAS MUJER 3XL","67800","Activo","DOTACION"
"SERVIMERCADEO","CAMISA COMERCIAL CON LOGOS EN LAS MANGAS MUJER L","67800","Activo","DOTACION"
"SERVIMERCADEO","CAMISA COMERCIAL CON LOGOS EN LAS MANGAS MUJER M","67800","Activo","DOTACION"
"SERVIMERCADEO","CAMISA COMERCIAL CON LOGOS EN LAS MANGAS MUJER S","67800","Activo","DOTACION"
"SERVIMERCADEO","CAMISA COMERCIAL CON LOGOS EN LAS MANGAS MUJER XL","67800","Activo","DOTACION"
"SERVIMERCADEO","CAMISA COMERCIAL CON LOGOS EN LAS MANGAS MUJER XS","67800","Activo","DOTACION"
"SERVIMERCADEO","CAMISA SUPERVISOR DOS LOGOS M/L L","69400","Activo","DOTACION"
"SERVIMERCADEO","CAMISA SUPERVISOR DOS LOGOS M/L M","69400","Activo","DOTACION"
"SERVIMERCADEO","CAMISA SUPERVISOR DOS LOGOS M/L S","69400","Activo","DOTACION"
"SERVIMERCADEO","CAMISA SUPERVISOR DOS LOGOS M/L XL","69400","Activo","DOTACION"
"SERVIMERCADEO","CAMISA SUPERVISOR DOS LOGOS M/L XXL","69400","Activo","DOTACION"
"SERVIMERCADEO","CAMISA SUPERVISOR DOS LOGOS M/L XXXL","69400","Activo","DOTACION"
"SERVIMERCADEO","CARNET","11000","Activo","CARNET"
"SERVIMERCADEO","CONJUNTO ANTIFLUIDO L","79000","Activo","DOTACION"
"SERVIMERCADEO","CONJUNTO ANTIFLUIDO M","79000","Activo","DOTACION"
"SERVIMERCADEO","CONJUNTO ANTIFLUIDO S","79000","Activo","DOTACION"
"SERVIMERCADEO","CONJUNTO ANTIFLUIDO XL","79000","Activo","DOTACION"
"SERVIMERCADEO","CONJUNTO ANTIFLUIDO XS","79000","Activo","DOTACION"
"SERVIMERCADEO","CONJUNTO ANTIFLUIDO XXL","79000","Activo","DOTACION"
"SERVIMERCADEO","CONJUNTO ANTIFLUIDO XXXL","79000","Activo","DOTACION"
"SERVIMERCADEO","GORRA","30600","Activo","DOTACION"
"SERVIMERCADEO","JEAN TORRE DE CONTROL Y ALMACEN MUJER 10","50000","Activo","DOTACION"
"SERVIMERCADEO","JEAN TORRE DE CONTROL Y ALMACEN MUJER 12","50000","Activo","DOTACION"
"SERVIMERCADEO","JEAN TORRE DE CONTROL Y ALMACEN MUJER 14","50000","Activo","DOTACION"
"SERVIMERCADEO","JEAN TORRE DE CONTROL Y ALMACEN MUJER 16","50000","Activo","DOTACION"
"SERVIMERCADEO","JEAN TORRE DE CONTROL Y ALMACEN MUJER 18","50000","Activo","DOTACION"
"SERVIMERCADEO","JEAN TORRE DE CONTROL Y ALMACEN MUJER 20","50000","Activo","DOTACION"
"SERVIMERCADEO","JEAN TORRE DE CONTROL Y ALMACEN MUJER 22","50000","Activo","DOTACION"
"SERVIMERCADEO","JEAN TORRE DE CONTROL Y ALMACEN MUJER 24","50000","Activo","DOTACION"
"SERVIMERCADEO","JEAN TORRE DE CONTROL Y ALMACEN MUJER 4","50000","Activo","DOTACION"
"SERVIMERCADEO","JEAN TORRE DE CONTROL Y ALMACEN MUJER 6","50000","Activo","DOTACION"
"SERVIMERCADEO","JEAN TORRE DE CONTROL Y ALMACEN MUJER 8","50000","Activo","DOTACION"
"SERVIMERCADEO","JEAN TORRE DE CONTROL Y ALMACENISTA HOMBRE 28","49200","Activo","DOTACION"
"SERVIMERCADEO","JEAN TORRE DE CONTROL Y ALMACENISTA HOMBRE 30","49200","Activo","DOTACION"
"SERVIMERCADEO","JEAN TORRE DE CONTROL Y ALMACENISTA HOMBRE 32","49200","Activo","DOTACION"
"SERVIMERCADEO","JEAN TORRE DE CONTROL Y ALMACENISTA HOMBRE 34","49200","Activo","DOTACION"
"SERVIMERCADEO","JEAN TORRE DE CONTROL Y ALMACENISTA HOMBRE 36","49200","Activo","DOTACION"
"SERVIMERCADEO","JEAN TORRE DE CONTROL Y ALMACENISTA HOMBRE 38","49200","Activo","DOTACION"
"SERVIMERCADEO","JEAN TORRE DE CONTROL Y ALMACENISTA HOMBRE 40","49200","Activo","DOTACION"
"SERVIMERCADEO","JEAN TORRE DE CONTROL Y ALMACENISTA HOMBRE 42","49200","Activo","DOTACION"
"SERVIMERCADEO","JEAN TORRE DE CONTROL Y ALMACENISTA HOMBRE 44","49200","Activo","DOTACION"
"SERVIMERCADEO","JEAN TORRE DE CONTROL Y ALMACENISTA HOMBRE 46","49200","Activo","DOTACION"
"SERVIMERCADEO","PANTALON COMERCIAL HOMBRE 28","67900","Activo","DOTACION"
"SERVIMERCADEO","PANTALON COMERCIAL HOMBRE 30","67900","Activo","DOTACION"
"SERVIMERCADEO","PANTALON COMERCIAL HOMBRE 32","67900","Activo","DOTACION"
"SERVIMERCADEO","PANTALON COMERCIAL HOMBRE 34","67900","Activo","DOTACION"
"SERVIMERCADEO","PANTALON COMERCIAL HOMBRE 36","67900","Activo","DOTACION"
"SERVIMERCADEO","PANTALON COMERCIAL HOMBRE 38","67900","Activo","DOTACION"
"SERVIMERCADEO","PANTALON COMERCIAL HOMBRE 40","67900","Activo","DOTACION"
"SERVIMERCADEO","PANTALON COMERCIAL HOMBRE 42","67900","Activo","DOTACION"
"SERVIMERCADEO","PANTALON COMERCIAL HOMBRE 44","67900","Activo","DOTACION"
"SERVIMERCADEO","PANTALON COMERCIAL MUJER 10","67900","Activo","DOTACION"
"SERVIMERCADEO","PANTALON COMERCIAL MUJER 12","67900","Activo","DOTACION"
"SERVIMERCADEO","PANTALON COMERCIAL MUJER 14","67900","Activo","DOTACION"
"SERVIMERCADEO","PANTALON COMERCIAL MUJER 16","67900","Activo","DOTACION"
"SERVIMERCADEO","PANTALON COMERCIAL MUJER 18","67900","Activo","DOTACION"
"SERVIMERCADEO","PANTALON COMERCIAL MUJER 20","67900","Activo","DOTACION"
"SERVIMERCADEO","PANTALON COMERCIAL MUJER 22","67900","Activo","DOTACION"
"SERVIMERCADEO","PANTALON COMERCIAL MUJER 24","67900","Activo","DOTACION"
"SERVIMERCADEO","PANTALON COMERCIAL MUJER 4","67900","Activo","DOTACION"
"SERVIMERCADEO","PANTALON COMERCIAL MUJER 6","67900","Activo","DOTACION"
"SERVIMERCADEO","PANTALON COMERCIAL MUJER 8","67900","Activo","DOTACION"
"SERVIMERCADEO","PANTALON DE DRIL TECNICOS 28","61300","Activo","DOTACION"
"SERVIMERCADEO","PANTALON DE DRIL TECNICOS 30","61300","Activo","DOTACION"
"SERVIMERCADEO","PANTALON DE DRIL TECNICOS 32","61300","Activo","DOTACION"
"SERVIMERCADEO","PANTALON DE DRIL TECNICOS 34","61300","Activo","DOTACION"
"SERVIMERCADEO","PANTALON DE DRIL TECNICOS 36","61300","Activo","DOTACION"
"SERVIMERCADEO","PANTALON DE DRIL TECNICOS 38","61300","Activo","DOTACION"
"SERVIMERCADEO","PANTALON DE DRIL TECNICOS 40","61300","Activo","DOTACION"
"SERVIMERCADEO","PANTALON DE DRIL TECNICOS 42","61300","Activo","DOTACION"
"SERVIMERCADEO","PANTALON DE DRIL TECNICOS 44","61300","Activo","DOTACION"
"SERVIMERCADEO","POLO GRIS ADMINISTRATIVA FEMENINA 2XL","36000","Activo","DOTACION"
"SERVIMERCADEO","POLO GRIS ADMINISTRATIVA FEMENINA 3XL","36000","Activo","DOTACION"
"SERVIMERCADEO","POLO GRIS ADMINISTRATIVA FEMENINA L","36000","Activo","DOTACION"
"SERVIMERCADEO","POLO GRIS ADMINISTRATIVA FEMENINA M","36000","Activo","DOTACION"
"SERVIMERCADEO","POLO GRIS ADMINISTRATIVA FEMENINA S","36000","Activo","DOTACION"
"SERVIMERCADEO","POLO GRIS ADMINISTRATIVA FEMENINA XL","36000","Activo","DOTACION"
"SERVIMERCADEO","POLO GRIS ADMINISTRATIVA FEMENINA XS","36000","Activo","DOTACION"
"SERVIMERCADEO","POLO GRIS ADMINISTRATIVA MASCULINA 2XL","56000","Activo","DOTACION"
"SERVIMERCADEO","POLO GRIS ADMINISTRATIVA MASCULINA 3XL","56000","Activo","DOTACION"
"SERVIMERCADEO","POLO GRIS ADMINISTRATIVA MASCULINA L","56000","Activo","DOTACION"
"SERVIMERCADEO","POLO GRIS ADMINISTRATIVA MASCULINA M","56000","Activo","DOTACION"
"SERVIMERCADEO","POLO GRIS ADMINISTRATIVA MASCULINA S","56000","Activo","DOTACION"
"SERVIMERCADEO","POLO GRIS ADMINISTRATIVA MASCULINA XL","56000","Activo","DOTACION"
"SERVIMERCADEO","POLO INSTALADOR AZUL OSCURO M/C L","68200","Activo","DOTACION"
"SERVIMERCADEO","POLO INSTALADOR AZUL OSCURO M/C M","68200","Activo","DOTACION"
"SERVIMERCADEO","POLO INSTALADOR AZUL OSCURO M/C S","68200","Activo","DOTACION"
"SERVIMERCADEO","POLO INSTALADOR AZUL OSCURO M/C XL","68200","Activo","DOTACION"
"SERVIMERCADEO","POLO INSTALADOR AZUL OSCURO M/C XXL","68200","Activo","DOTACION"
"SERVIMERCADEO","POLO INSTALADOR AZUL OSCURO M/CXXXL","68200","Activo","DOTACION"
"SERVIMERCADEO","POLO INSTALADOR AZUL OSCURO M/L L","68200","Activo","DOTACION"
"SERVIMERCADEO","POLO INSTALADOR AZUL OSCURO M/L M","68200","Activo","DOTACION"
"SERVIMERCADEO","POLO INSTALADOR AZUL OSCURO M/L S","68200","Activo","DOTACION"
"SERVIMERCADEO","POLO INSTALADOR AZUL OSCURO M/L XL","68200","Activo","DOTACION"
"SERVIMERCADEO","POLO INSTALADOR AZUL OSCURO M/L XXL","68200","Activo","DOTACION"
"SERVIMERCADEO","POLO INSTALADOR AZUL OSCURO M/L XXXL","68200","Activo","DOTACION"
"SERVIMERCADEO","PORTA CANET ","10000","Activo","DOTACION"
"SERVIMERCADEO","PVC PARA CARNET","540","Activo","CARNET"
"SERVIMERCADEO","YOYO PARA CARNET","1780","Activo","CARNET"
"SERVIMERCADEO","REATA AZUL OSCURO","12500","Activo","DOTACION"
"SYM","SYM CHAQUETA AZUL HOME FEMENINO 10 (M)","90603","Activo","DOTACION"
"SYM","SYM CHAQUETA AZUL HOME FEMENINO 12 (L)","90603","Activo","DOTACION"
"SYM","SYM CHAQUETA AZUL HOME FEMENINO 14 (XL)","90603","Activo","DOTACION"
"SYM","SYM CHAQUETA AZUL HOME FEMENINO 16 (2XL)","90603","Activo","DOTACION"
"SYM","SYM CHAQUETA AZUL HOME FEMENINO 18 (3XL)","80038","Activo","DOTACION"
"SYM","SYM CHAQUETA AZUL HOME FEMENINO 6 (XS)","90603","Activo","DOTACION"
"SYM","SYM CHAQUETA AZUL HOME FEMENINO 8 (S)","90603","Activo","DOTACION"
"SYM","SYM CHAQUETA AZUL HOME MASCULINO 2XL","93117","Activo","DOTACION"
"SYM","SYM CHAQUETA AZUL HOME MASCULINO 3XL","93117","Activo","DOTACION"
"SYM","SYM CHAQUETA AZUL HOME MASCULINO L","93117","Activo","DOTACION"
"SYM","SYM CHAQUETA AZUL HOME MASCULINO M","93117","Activo","DOTACION"
"SYM","SYM CHAQUETA AZUL HOME MASCULINO S","93117","Activo","DOTACION"
"SYM","SYM CHAQUETA AZUL HOME MASCULINO XL","93117","Activo","DOTACION"
"SYM","SYM CHAQUETA AZUL TIGO EXPRESS FEMENINO 10 (M)","75273","Activo","DOTACION"
"SYM","SYM CHAQUETA AZUL TIGO EXPRESS FEMENINO 12 (L)","75273","Activo","DOTACION"
"SYM","SYM CHAQUETA AZUL TIGO EXPRESS FEMENINO 14 (XL)","75273","Activo","DOTACION"
"SYM","SYM CHAQUETA AZUL TIGO EXPRESS FEMENINO 16 (2XL)","75273","Activo","DOTACION"
"SYM","SYM CHAQUETA AZUL TIGO EXPRESS FEMENINO 18 (3XL)","75273","Activo","DOTACION"
"SYM","SYM CHAQUETA AZUL TIGO EXPRESS FEMENINO 20 (4XL)","75273","Activo","DOTACION"
"SYM","SYM CHAQUETA AZUL TIGO EXPRESS FEMENINO 6 (XS)","75273","Activo","DOTACION"
"SYM","SYM CHAQUETA AZUL TIGO EXPRESS FEMENINO 8 (S)","75273","Activo","DOTACION"
"SYM","SYM CHAQUETA AZUL TIGO EXPRESS MASCULINO 2XL","77916","Activo","DOTACION"
"SYM","SYM CHAQUETA AZUL TIGO EXPRESS MASCULINO 3XL","77916","Activo","DOTACION"
"SYM","SYM CHAQUETA AZUL TIGO EXPRESS MASCULINO 4XL","77916","Activo","DOTACION"
"SYM","SYM CHAQUETA AZUL TIGO EXPRESS MASCULINO L","77916","Activo","DOTACION"
"SYM","SYM CHAQUETA AZUL TIGO EXPRESS MASCULINO M","77916","Activo","DOTACION"
"SYM","SYM CHAQUETA AZUL TIGO EXPRESS MASCULINO S","77916","Activo","DOTACION"
"SYM","SYM CHAQUETA AZUL TIGO EXPRESS MASCULINO XL","77916","Activo","DOTACION"
"SYM","SYM GORRA TIGO","12500","Activo","DOTACION"
"SYM","SYM JEAN TIGO EXPRESS GO FEMENINO 10","53500","Activo","DOTACION"
"SYM","SYM JEAN TIGO EXPRESS GO FEMENINO 12","53500","Activo","DOTACION"
"SYM","SYM JEAN TIGO EXPRESS GO FEMENINO 14","53500","Activo","DOTACION"
"SYM","SYM JEAN TIGO EXPRESS GO FEMENINO 16","53500","Activo","DOTACION"
"SYM","SYM JEAN TIGO EXPRESS GO FEMENINO 18","53500","Activo","DOTACION"
"SYM","SYM JEAN TIGO EXPRESS GO FEMENINO 20","53500","Activo","DOTACION"
"SYM","SYM JEAN TIGO EXPRESS GO FEMENINO 22","53500","Activo","DOTACION"
"SYM","SYM JEAN TIGO EXPRESS GO FEMENINO 6","53500","Activo","DOTACION"
"SYM","SYM JEAN TIGO EXPRESS GO FEMENINO 8","53500","Activo","DOTACION"
"SYM","SYM JEAN TIGO EXPRESS GO MASCULINO  28","55500","Activo","DOTACION"
"SYM","SYM JEAN TIGO EXPRESS GO MASCULINO 30","55500","Activo","DOTACION"
"SYM","SYM JEAN TIGO EXPRESS GO MASCULINO 32","55500","Activo","DOTACION"
"SYM","SYM JEAN TIGO EXPRESS GO MASCULINO 34","55500","Activo","DOTACION"
"SYM","SYM JEAN TIGO EXPRESS GO MASCULINO 36","55500","Activo","DOTACION"
"SYM","SYM JEAN TIGO EXPRESS GO MASCULINO 38","55500","Activo","DOTACION"
"SYM","SYM JEAN TIGO EXPRESS GO MASCULINO 40","55500","Activo","DOTACION"
"SYM","SYM JEAN TIGO EXPRESS GO MASCULINO 42","53000","Activo","DOTACION"
"SYM","SYM JEAN TIGO EXPRESS GO MASCULINO 44","53000","Activo","DOTACION"
"SYM","SYM JEANS AZUL CABALLERO 28","47200","Activo","DOTACION"
"SYM","SYM JEANS AZUL CABALLERO 30","47200","Activo","DOTACION"
"SYM","SYM JEANS AZUL CABALLERO 32","47200","Activo","DOTACION"
"SYM","SYM JEANS AZUL CABALLERO 34","47200","Activo","DOTACION"
"SYM","SYM JEANS AZUL CABALLERO 36","47200","Activo","DOTACION"
"SYM","SYM JEANS AZUL CABALLERO 38","47200","Activo","DOTACION"
"SYM","SYM JEANS AZUL CABALLERO 40","47200","Activo","DOTACION"
"SYM","SYM JEANS AZUL DAMA 10","48200","Activo","DOTACION"
"SYM","SYM JEANS AZUL DAMA 12","48200","Activo","DOTACION"
"SYM","SYM JEANS AZUL DAMA 14","56000","Activo","DOTACION"
"SYM","SYM JEANS AZUL DAMA 16","48200","Activo","DOTACION"
"SYM","SYM JEANS AZUL DAMA 18","45600","Activo","DOTACION"
"SYM","SYM JEANS AZUL DAMA 20","48200","Activo","DOTACION"
"SYM","SYM JEANS AZUL DAMA 22","48200","Activo","DOTACION"
"SYM","SYM JEANS AZUL DAMA 24","48200","Activo","DOTACION"
"SYM","SYM JEANS AZUL DAMA 4","48200","Activo","DOTACION"
"SYM","SYM JEANS AZUL DAMA 6","48200","Activo","DOTACION"
"SYM","SYM JEANS AZUL DAMA 8","48200","Activo","DOTACION"
"SYM","SYM PANTALON HOME FEMENINO 10","55700","Activo","DOTACION"
"SYM","SYM PANTALON HOME FEMENINO 12","55700","Activo","DOTACION"
"SYM","SYM PANTALON HOME FEMENINO 14","55700","Activo","DOTACION"
"SYM","SYM PANTALON HOME FEMENINO 16","55700","Activo","DOTACION"
"SYM","SYM PANTALON HOME FEMENINO 18","55700","Activo","DOTACION"
"SYM","SYM PANTALON HOME FEMENINO 20","55700","Activo","DOTACION"
"SYM","SYM PANTALON HOME FEMENINO 22","55700","Activo","DOTACION"
"SYM","SYM PANTALON HOME FEMENINO 24","55700","Activo","DOTACION"
"SYM","SYM PANTALON HOME FEMENINO 26","55700","Activo","DOTACION"
"SYM","SYM PANTALON HOME FEMENINO 28","55700","Activo","DOTACION"
"SYM","SYM PANTALON HOME FEMENINO 6 ","55700","Activo","DOTACION"
"SYM","SYM PANTALON HOME FEMENINO 8","55700","Activo","DOTACION"
"SYM","SYM PANTALON HOME MASCULINO 28","58200","Activo","DOTACION"
"SYM","SYM PANTALON HOME MASCULINO 30","58200","Activo","DOTACION"
"SYM","SYM PANTALON HOME MASCULINO 32","58200","Activo","DOTACION"
"SYM","SYM PANTALON HOME MASCULINO 34","58200","Activo","DOTACION"
"SYM","SYM PANTALON HOME MASCULINO 36","58200","Activo","DOTACION"
"SYM","SYM PANTALON HOME MASCULINO 38","58200","Activo","DOTACION"
"SYM","SYM PANTALON HOME MASCULINO 40","58200","Activo","DOTACION"
"SYM","SYM PANTALON HOME MASCULINO 42","58200","Activo","DOTACION"
"SYM","SYM PANTALON HOME MASCULINO 44","58200","Activo","DOTACION"
"SYM","SYM PANTALON HOME MASCULINO 48","58200","Activo","DOTACION"
"SYM","SYM POLO AZUL ADMIN MC HOMBRE L","38500","Activo","DOTACION"
"SYM","SYM POLO AZUL ADMIN MC HOMBRE M","38500","Activo","DOTACION"
"SYM","SYM POLO AZUL ADMIN MC HOMBRE S","38500","Activo","DOTACION"
"SYM","SYM POLO AZUL ADMIN MC HOMBRE XL","38500","Activo","DOTACION"
"SYM","SYM POLO AZUL ADMIN MC HOMBRE XXL","38500","Activo","DOTACION"
"SYM","SYM POLO AZUL ADMIN MC HOMBRE XXXL","38500","Activo","DOTACION"
"SYM","SYM POLO AZUL ADMIN MC MUJER L (12)","38500","Activo","DOTACION"
"SYM","SYM POLO AZUL ADMIN MC MUJER M (10)","38500","Activo","DOTACION"
"SYM","SYM POLO AZUL ADMIN MC MUJER S (8)","38500","Activo","DOTACION"
"SYM","SYM POLO AZUL ADMIN MC MUJER XL (14)","38500","Activo","DOTACION"
"SYM","SYM POLO AZUL ADMIN MC MUJER XS (6)","38500","Activo","DOTACION"
"SYM","SYM POLO AZUL ADMIN MC MUJER XXL (16)","38500","Activo","DOTACION"
"SYM","SYM POLO AZUL ADMIN MC MUJER XXXL (18)","38500","Activo","DOTACION"
"SYM","SYM POLO GRIS CABALLERO MANGA CORTA  2XL","45000","Activo","DOTACION"
"SYM","SYM POLO GRIS CABALLERO MANGA CORTA  S","45000","Activo","DOTACION"
"SYM","SYM POLO GRIS CABALLERO MANGA CORTA L","45000","Activo","DOTACION"
"SYM","SYM POLO GRIS CABALLERO MANGA CORTA M","45000","Activo","DOTACION"
"SYM","SYM POLO GRIS CABALLERO MANGA CORTA XL","45000","Activo","DOTACION"
"SYM","SYM POLO GRIS DAMA MANGA CORTA 2XL","31200","Activo","DOTACION"
"SYM","SYM POLO GRIS DAMA MANGA CORTA L","45000","Activo","DOTACION"
"SYM","SYM POLO GRIS DAMA MANGA CORTA M","45000","Activo","DOTACION"
"SYM","SYM POLO GRIS DAMA MANGA CORTA S","45000","Activo","DOTACION"
"SYM","SYM POLO GRIS DAMA MANGA CORTA XL","45000","Activo","DOTACION"
"SYM","SYM POLO GRIS DAMA MANGA CORTA XS","45000","Activo","DOTACION"
"SYM","SYM POLO MATERNA AZUL EXPRESS FEMENINO 10 (M)","37126","Activo","DOTACION"
"SYM","SYM POLO MATERNA AZUL EXPRESS FEMENINO 12 (L)","37126","Activo","DOTACION"
"SYM","SYM POLO MATERNA AZUL EXPRESS FEMENINO 14 (XL)","37126","Activo","DOTACION"
"SYM","SYM POLO MATERNA AZUL EXPRESS FEMENINO 16 (2XL)","37126","Activo","DOTACION"
"SYM","SYM POLO MATERNA AZUL EXPRESS FEMENINO 18 (3XL)","37126","Activo","DOTACION"
"SYM","SYM POLO MATERNA AZUL EXPRESS FEMENINO 6 (XS)","37126","Activo","DOTACION"
"SYM","SYM POLO MATERNA AZUL EXPRESS FEMENINO 8 (S)","37126","Activo","DOTACION"
"SYM","SYM POLO MATERNA BLANCA EXPRESS FEMENINO 10 (M)","37126","Activo","DOTACION"
"SYM","SYM POLO MATERNA BLANCA EXPRESS FEMENINO 12 (L)","37126","Activo","DOTACION"
"SYM","SYM POLO MATERNA BLANCA EXPRESS FEMENINO 14 (XL)","37126","Activo","DOTACION"
"SYM","SYM POLO MATERNA BLANCA EXPRESS FEMENINO 16 (2XL)","37126","Activo","DOTACION"
"SYM","SYM POLO MATERNA BLANCA EXPRESS FEMENINO 18 (3XL)","37126","Activo","DOTACION"
"SYM","SYM POLO MATERNA BLANCA EXPRESS FEMENINO 6 (XS)","37126","Activo","DOTACION"
"SYM","SYM POLO MATERNA BLANCA EXPRESS FEMENINO 8 (S)","37126","Activo","DOTACION"
"SYM","SYM POLO MATERNA HOME FEMENINO 10 (M)","37126","Activo","DOTACION"
"SYM","SYM POLO MATERNA HOME FEMENINO 12 (L)","37126","Activo","DOTACION"
"SYM","SYM POLO MATERNA HOME FEMENINO 14 (XL)","37126","Activo","DOTACION"
"SYM","SYM POLO MATERNA HOME FEMENINO 16 (2XL)","37126","Activo","DOTACION"
"SYM","SYM POLO MATERNA HOME FEMENINO 18 (3XL)","37126","Activo","DOTACION"
"SYM","SYM POLO MATERNA HOME FEMENINO 6 (XS)","37126","Activo","DOTACION"
"SYM","SYM POLO MATERNA HOME FEMENINO 8 (S)","37126","Activo","DOTACION"
"SYM","SYM POLO MC AZUL TIGO EXPRESS FEMENINO 10 (M)","34500","Activo","DOTACION"
"SYM","SYM POLO MC AZUL TIGO EXPRESS FEMENINO 12 (L)","34500","Activo","DOTACION"
"SYM","SYM POLO MC AZUL TIGO EXPRESS FEMENINO 14 (XL)","32500","Activo","DOTACION"
"SYM","SYM POLO MC AZUL TIGO EXPRESS FEMENINO 16  (2XL)","34500","Activo","DOTACION"
"SYM","SYM POLO MC AZUL TIGO EXPRESS FEMENINO 18 (3XL)","32500","Activo","DOTACION"
"SYM","SYM POLO MC AZUL TIGO EXPRESS FEMENINO 20 (4XL)","32500","Activo","DOTACION"
"SYM","SYM POLO MC AZUL TIGO EXPRESS FEMENINO 6 (XS)","34500","Activo","DOTACION"
"SYM","SYM POLO MC AZUL TIGO EXPRESS FEMENINO 8 (S)","34500","Activo","DOTACION"
"SYM","SYM POLO MC AZUL TIGO EXPRESS MASCULINO 2XL","35000","Activo","DOTACION"
"SYM","SYM POLO MC AZUL TIGO EXPRESS MASCULINO 3XL","35000","Activo","DOTACION"
"SYM","SYM POLO MC AZUL TIGO EXPRESS MASCULINO 4XL","35000","Activo","DOTACION"
"SYM","SYM POLO MC AZUL TIGO EXPRESS MASCULINO L","35000","Activo","DOTACION"
"SYM","SYM POLO MC AZUL TIGO EXPRESS MASCULINO M","35000","Activo","DOTACION"
"SYM","SYM POLO MC AZUL TIGO EXPRESS MASCULINO S","35000","Activo","DOTACION"
"SYM","SYM POLO MC AZUL TIGO EXPRESS MASCULINO XL","35000","Activo","DOTACION"
"SYM","SYM POLO MC BLANCA TIGO EXPRESS FEMENINO 10 (M)","34500","Activo","DOTACION"
"SYM","SYM POLO MC BLANCA TIGO EXPRESS FEMENINO 12 (L)","34500","Activo","DOTACION"
"SYM","SYM POLO MC BLANCA TIGO EXPRESS FEMENINO 14 (XL)","34500","Activo","DOTACION"
"SYM","SYM POLO MC BLANCA TIGO EXPRESS FEMENINO 16 (2XL)","34500","Activo","DOTACION"
"SYM","SYM POLO MC BLANCA TIGO EXPRESS FEMENINO 18 (3XL)","34500","Activo","DOTACION"
"SYM","SYM POLO MC BLANCA TIGO EXPRESS FEMENINO 20 (4XL)","34500","Activo","DOTACION"
"SYM","SYM POLO MC BLANCA TIGO EXPRESS FEMENINO 6 (XS)","34500","Activo","DOTACION"
"SYM","SYM POLO MC BLANCA TIGO EXPRESS FEMENINO 8 (S)","34500","Activo","DOTACION"
"SYM","SYM POLO MC BLANCA TIGO EXPRESS MASCULINO 2XL","35000","Activo","DOTACION"
"SYM","SYM POLO MC BLANCA TIGO EXPRESS MASCULINO 3XL","35000","Activo","DOTACION"
"SYM","SYM POLO MC BLANCA TIGO EXPRESS MASCULINO 4XL","35000","Activo","DOTACION"
"SYM","SYM POLO MC BLANCA TIGO EXPRESS MASCULINO L","35000","Activo","DOTACION"
"SYM","SYM POLO MC BLANCA TIGO EXPRESS MASCULINO M","35000","Activo","DOTACION"
"SYM","SYM POLO MC BLANCA TIGO EXPRESS MASCULINO S","35000","Activo","DOTACION"
"SYM","SYM POLO MC BLANCA TIGO EXPRESS MASCULINO XL","35000","Activo","DOTACION"
"SYM","SYM POLO ML AZUL HOME FEMENINO 10 (M)","39500","Activo","DOTACION"
"SYM","SYM POLO ML AZUL HOME FEMENINO 12 (L)","39500","Activo","DOTACION"
"SYM","SYM POLO ML AZUL HOME FEMENINO 14 (XL)","39500","Activo","DOTACION"
"SYM","SYM POLO ML AZUL HOME FEMENINO 16 (2XL)","39500","Activo","DOTACION"
"SYM","SYM POLO ML AZUL HOME FEMENINO 18 (3XL)","39201","Activo","DOTACION"
"SYM","SYM POLO ML AZUL HOME FEMENINO 6 (XS)","39500","Activo","DOTACION"
"SYM","SYM POLO ML AZUL HOME FEMENINO 8 (S)","39500","Activo","DOTACION"
"SYM","SYM POLO ML AZUL HOME MASCULINO 2XL","39500","Activo","DOTACION"
"SYM","SYM POLO ML AZUL HOME MASCULINO 3XL","41000","Activo","DOTACION"
"SYM","SYM POLO ML AZUL HOME MASCULINO L","41000","Activo","DOTACION"
"SYM","SYM POLO ML AZUL HOME MASCULINO M","41000","Activo","DOTACION"
"SYM","SYM POLO ML AZUL HOME MASCULINO S","41000","Activo","DOTACION"
"SYM","SYM POLO ML AZUL HOME MASCULINO XL","41000","Activo","DOTACION"
"SYM","SYM CARNET","11000","Activo","CARNET"
"SYM","SYM PORTA CARNET","420","Activo","CARNET"
"SYM","SYM PVC PARA CARNET","480","Activo","CARNET"
"SYM","SYM YOYO PARA CARNET","480","Activo","CARNET"
"SYM","SYM TENIS AZULES HOME FEMENINO 34","45965","Activo","DOTACION"
"SYM","SYM TENIS AZULES HOME FEMENINO 35","45965","Activo","DOTACION"
"SYM","SYM TENIS AZULES HOME FEMENINO 36","45965","Activo","DOTACION"
"SYM","SYM TENIS AZULES HOME FEMENINO 37","45965","Activo","DOTACION"
"SYM","SYM TENIS AZULES HOME FEMENINO 38","45965","Activo","DOTACION"
"SYM","SYM TENIS AZULES HOME FEMENINO 39","45965","Activo","DOTACION"
"SYM","SYM TENIS AZULES HOME FEMENINO 40","45965","Activo","DOTACION"
"SYM","SYM TENIS AZULES HOME FEMENINO 41","45965","Activo","DOTACION"
"SYM","SYM TENIS AZULES HOME FEMENINO 42","45965","Activo","DOTACION"
"SYM","SYM TENIS AZULES HOME MASCULINO 38","45965","Activo","DOTACION"
"SYM","SYM TENIS AZULES HOME MASCULINO 39","45965","Activo","DOTACION"
"SYM","SYM TENIS AZULES HOME MASCULINO 40","45965","Activo","DOTACION"
"SYM","SYM TENIS AZULES HOME MASCULINO 41","45965","Activo","DOTACION"
"SYM","SYM TENIS AZULES HOME MASCULINO 42","45965","Activo","DOTACION"
"SYM","SYM TENIS AZULES HOME MASCULINO 43","45932","Activo","DOTACION"
"SYM","SYM TENIS AZULES HOME MASCULINO 44","45965","Activo","DOTACION"
"SYM","SYM TENIS AZULES HOME MASCULINO 45","45932","Activo","DOTACION"
"SYM","SYM TENIS BLANCOS TIGO EXPRESS GO FEMENINO 34","56000","Activo","DOTACION"
"SYM","SYM TENIS BLANCOS TIGO EXPRESS GO FEMENINO 35","56000","Activo","DOTACION"
"SYM","SYM TENIS BLANCOS TIGO EXPRESS GO FEMENINO 36","56000","Activo","DOTACION"
"SYM","SYM TENIS BLANCOS TIGO EXPRESS GO FEMENINO 37","56000","Activo","DOTACION"
"SYM","SYM TENIS BLANCOS TIGO EXPRESS GO FEMENINO 38","56000","Activo","DOTACION"
"SYM","SYM TENIS BLANCOS TIGO EXPRESS GO FEMENINO 39","56000","Activo","DOTACION"
"SYM","SYM TENIS BLANCOS TIGO EXPRESS GO FEMENINO 40","56000","Activo","DOTACION"
"SYM","SYM TENIS BLANCOS TIGO EXPRESS GO FEMENINO 41","56000","Activo","DOTACION"
"SYM","SYM TENIS BLANCOS TIGO EXPRESS GO FEMENINO 42","56000","Activo","DOTACION"
"SYM","SYM TENIS BLANCOS TIGO EXPRESS GO MASCULINO 37","56000","Activo","DOTACION"
"SYM","SYM TENIS BLANCOS TIGO EXPRESS GO MASCULINO 38","56000","Activo","DOTACION"
"SYM","SYM TENIS BLANCOS TIGO EXPRESS GO MASCULINO 39","56000","Activo","DOTACION"
"SYM","SYM TENIS BLANCOS TIGO EXPRESS GO MASCULINO 40","56000","Activo","DOTACION"
"SYM","SYM TENIS BLANCOS TIGO EXPRESS GO MASCULINO 41","56000","Activo","DOTACION"
"SYM","SYM TENIS BLANCOS TIGO EXPRESS GO MASCULINO 42","56000","Activo","DOTACION"
"SYM","SYM TENIS BLANCOS TIGO EXPRESS GO MASCULINO 43","56000","Activo","DOTACION"
"SYM","SYM TENIS BLANCOS TIGO EXPRESS GO MASCULINO 44","56000","Activo","DOTACION"
