"EMPRESA","PROYECTO","SEDE"
"Servicios y Mercadeo COL","ADMINISTRACION","SYM PEREIRA"
"Servicios y Mercadeo COL","ADMINISTRACION","TIGO EXPRESS PEREIRA"
"Servicios y Mercadeo COL","ADMINISTRACION","TIGO HOME PEREIRA"
"Servicios y Mercadeo COL","HUGHES COL","SYM CALI"
"Servicios y Mercadeo COL","HUGHES COL","SYM PEREIRA"
"Servicios y Mercadeo COL","TIGO EXPRESS","SYM PEREIRA"
"Servicios y Mercadeo COL","TIGO EXPRESS","TIGO EXPRESS ARJONA 51 48 CLL DEL COCO"
"Servicios y Mercadeo COL","TIGO EXPRESS","TIGO EXPRESS BARANOA CRA 19 17-28 PLAZA CENTRO"
"Servicios y Mercadeo COL","TIGO EXPRESS","TIGO EXPRESS BARRANCABERMEJA"
"Servicios y Mercadeo COL","TIGO EXPRESS","TIGO EXPRESS BARRANQUILLA"
"Servicios y Mercadeo COL","TIGO EXPRESS","TIGO EXPRESS BARRANQUILLA CRA 13 99D-07 LA PAZ"
"Servicios y Mercadeo COL","TIGO EXPRESS","TIGO EXPRESS BARRANQUILLA LC 11B CC JARDIN DEL RIO"
"Servicios y Mercadeo COL","TIGO EXPRESS","TIGO EXPRESS BELLO CLL 49 50-10"
"Servicios y Mercadeo COL","TIGO EXPRESS","TIGO EXPRESS BOGOTA"
"Servicios y Mercadeo COL","TIGO EXPRESS","TIGO EXPRESS BOGOTA  CL 37 SUR CENTRO KENNEDY"
"Servicios y Mercadeo COL","TIGO EXPRESS","TIGO EXPRESS BOGOTA 61B-08 SAN FRANCISCO"
"Servicios y Mercadeo COL","TIGO EXPRESS","TIGO EXPRESS BOGOTA AC 145 103B-80 SUBA"
"Servicios y Mercadeo COL","TIGO EXPRESS","TIGO EXPRESS BOGOTA AV CR 80 KENNEDY ROMA"
"Servicios y Mercadeo COL","TIGO EXPRESS","TIGO EXPRESS BOGOTA BOSA BRASIL"
"Servicios y Mercadeo COL","TIGO EXPRESS","TIGO EXPRESS BOGOTA CLL 163A SAN CRISTOBAL"
"Servicios y Mercadeo COL","TIGO EXPRESS","TIGO EXPRESS BOGOTA CLL 64 ENGATIVA "
"Servicios y Mercadeo COL","TIGO EXPRESS","TIGO EXPRESS BOGOTA CLL 78 SUR SANTA LIBRADA"
"Servicios y Mercadeo COL","TIGO EXPRESS","TIGO EXPRESS BOGOTA CRA 18 21 05 RESTREPO"
"Servicios y Mercadeo COL","TIGO EXPRESS","TIGO EXPRESS BOGOTA VENECIA"
"Servicios y Mercadeo COL","TIGO EXPRESS","TIGO EXPRESS BUCARAMANGA CABECERA"
"Servicios y Mercadeo COL","TIGO EXPRESS","TIGO EXPRESS BUCARAMANGA CENTRO"
"Servicios y Mercadeo COL","TIGO EXPRESS","TIGO EXPRESS CAJICA CRA 5 1-98"
"Servicios y Mercadeo COL","TIGO EXPRESS","TIGO EXPRESS CALDAS ANTIOQUIA"
"Servicios y Mercadeo COL","TIGO EXPRESS","TIGO EXPRESS CALI"
"Servicios y Mercadeo COL","TIGO EXPRESS","TIGO EXPRESS CALI  CR 4 14"
"Servicios y Mercadeo COL","TIGO EXPRESS","TIGO EXPRESS CALI CL 12 PLAZA DE CAICEDO"
"Servicios y Mercadeo COL","TIGO EXPRESS","TIGO EXPRESS CALI LC 9 LA CASCADA"
"Servicios y Mercadeo COL","TIGO EXPRESS","TIGO EXPRESS CARTAGENA AV VENEZUELA 1A 42"
"Servicios y Mercadeo COL","TIGO EXPRESS","TIGO EXPRESS CARTAGENA BAZURTO 27A-26"
"Servicios y Mercadeo COL","TIGO EXPRESS","TIGO EXPRESS CARTAGENA LOS EJECUTIVOS LC  37"
"Servicios y Mercadeo COL","TIGO EXPRESS","TIGO EXPRESS CENTRO"
"Servicios y Mercadeo COL","TIGO EXPRESS","TIGO EXPRESS CERETE 13 14-09 LOS ALMENDROS"
"Servicios y Mercadeo COL","TIGO EXPRESS","TIGO EXPRESS CHINCHINA CLL 12  8-12"
"Servicios y Mercadeo COL","TIGO EXPRESS","TIGO EXPRESS CUCUTA AV 3 9-70"
"Servicios y Mercadeo COL","TIGO EXPRESS","TIGO EXPRESS CUCUTA AV 8 7-89 CENTRO"
"Servicios y Mercadeo COL","TIGO EXPRESS","TIGO EXPRESS CUCUTA CLL 10 1-11"
"Servicios y Mercadeo COL","TIGO EXPRESS","TIGO EXPRESS FACATATIVA CALLE 5 NRO 2-74 CENTRO"
"Servicios y Mercadeo COL","TIGO EXPRESS","TIGO EXPRESS FLORIDABLANCA 6AE-80  BR LA CUMBRE"
"Servicios y Mercadeo COL","TIGO EXPRESS","TIGO EXPRESS FLORIDABLANCA CLL 5"
"Servicios y Mercadeo COL","TIGO EXPRESS","TIGO EXPRESS FUSAGASUGA KR 5 9-45"
"Servicios y Mercadeo COL","TIGO EXPRESS","TIGO EXPRESS GALAPA CLL 10 21-53 CENTRO"
"Servicios y Mercadeo COL","TIGO EXPRESS","TIGO EXPRESS GIRARDOT CR 11 18-50"
"Servicios y Mercadeo COL","TIGO EXPRESS","TIGO EXPRESS GUARNE CRA 51 51-12"
"Servicios y Mercadeo COL","TIGO EXPRESS","TIGO EXPRESS ITAGUI 01CENTRO PQ"
"Servicios y Mercadeo COL","TIGO EXPRESS","TIGO EXPRESS ITAGUI 02 CENTRO DE LA MODA"
"Servicios y Mercadeo COL","TIGO EXPRESS","TIGO EXPRESS LA CEJA CLL 19 19-103"
"Servicios y Mercadeo COL","TIGO EXPRESS","TIGO EXPRESS LA VIRGINIA CR 8 7 23 CENTRO"
"Servicios y Mercadeo COL","TIGO EXPRESS","TIGO EXPRESS MALAMBO CLL 10 12 16 CENTRO"
"Servicios y Mercadeo COL","TIGO EXPRESS","TIGO EXPRESS MANIZALES CLL 18  23-04 ESQUINA"
"Servicios y Mercadeo COL","TIGO EXPRESS","TIGO EXPRESS MANIZALES CR 23 #26-27"
"Servicios y Mercadeo COL","TIGO EXPRESS","TIGO EXPRESS MARINILLA CR 30 32-09"
"Servicios y Mercadeo COL","TIGO EXPRESS","TIGO EXPRESS MEDELLIN"
"Servicios y Mercadeo COL","TIGO EXPRESS","TIGO EXPRESS MEDELLIN  01 LAS AMERICAS"
"Servicios y Mercadeo COL","TIGO EXPRESS","TIGO EXPRESS MEDELLIN  02 BELEN"
"Servicios y Mercadeo COL","TIGO EXPRESS","TIGO EXPRESS MEDELLIN CL 42 SUR 8 32 SAN ANTONIO"
"Servicios y Mercadeo COL","TIGO EXPRESS","TIGO EXPRESS PEREIRA"
"Servicios y Mercadeo COL","TIGO EXPRESS","TIGO EXPRESS PEREIRA CALLE 19 CON 8"
"Servicios y Mercadeo COL","TIGO EXPRESS","TIGO EXPRESS RIONEGRO  CLL 51 48-52"
"Servicios y Mercadeo COL","TIGO EXPRESS","TIGO EXPRESS SAN GIL CRA 10 14-18"
"Servicios y Mercadeo COL","TIGO EXPRESS","TIGO EXPRESS SANTA ROSA DE CABAL CLL 14"
"Servicios y Mercadeo COL","TIGO EXPRESS","TIGO EXPRESS SINCELEJO CLL 20 20 63 CENTRO"
"Servicios y Mercadeo COL","TIGO EXPRESS","TIGO EXPRESS SOACHA CLL 15 LAS VILLAS"
"Servicios y Mercadeo COL","TIGO EXPRESS","TIGO EXPRESS SOLEDAD  CLL 20 19-02"
"Servicios y Mercadeo COL","TIGO EXPRESS","TIGO EXPRESS TOLU CLL 15 2-89 CENTRO"
"Servicios y Mercadeo COL","TIGO EXPRESS","TIGO EXPRESS VALLEDUPAR CRA 7 16A-78 LC 2"
"Servicios y Mercadeo COL","TIGO EXPRESS","TIGO EXPRESS VILLA DEL ROSARIO CRA 8 5-15"
"Servicios y Mercadeo COL","TIGO EXPRESS","TIGO EXPRESS VILLAMARIA CRA 5 7-13"
"Servicios y Mercadeo COL","TIGO EXPRESS","TIGO HOME BARRANQUILLA"
"Servicios y Mercadeo COL","TIGO HOME","SYM MEDELLIN"
"Servicios y Mercadeo COL","TIGO HOME","TIGO EXPRESS PEREIRA"
"Servicios y Mercadeo COL","TIGO HOME","TIGO HOME BARRANQUILLA"
"Servicios y Mercadeo COL","TIGO HOME","TIGO HOME CARTAGENA"
"Servicios y Mercadeo COL","TIGO HOME","TIGO HOME MEDELLIN"
"Servicios y Mercadeo COL","TIGO HOME","TIGO HOME MONTERIA"
"Servicios y Mercadeo COL","TIGO HOME","TIGO HOME SINCELEJO"
"Servimercadeo COL","ADMINISTRACION","SERVIMERCADEO PEREIRA"
"Servimercadeo COL","DIRECTV COL","SERVIMERCADEO ATLÁNTICO"
"Servimercadeo COL","DIRECTV COL","SERVIMERCADEO BOGOTA"
"Servimercadeo COL","DIRECTV COL","SERVIMERCADEO BUCARAMANGA"
"Servimercadeo COL","DIRECTV COL","SERVIMERCADEO CALI"
"Servimercadeo COL","DIRECTV COL","SERVIMERCADEO CUCUTA"
"Servimercadeo COL","DIRECTV COL","SERVIMERCADEO MANIZALES"
"Servimercadeo COL","DIRECTV COL","SERVIMERCADEO MEDELLIN"
"Servimercadeo COL","DIRECTV COL","SERVIMERCADEO MONTERIA"
"Servimercadeo COL","DIRECTV COL","SERVIMERCADEO PASTO"
"Servimercadeo COL","DIRECTV COL","SERVIMERCADEO PENSILVANIA"
"Servimercadeo COL","DIRECTV COL","SERVIMERCADEO PEREIRA"
"Servimercadeo COL","DIRECTV COL","SERVIMERCADEO RIONEGRO"
"Servimercadeo COL","DIRECTV COL","SERVIMERCADEO TUMACO"
"Servimercadeo COL","S&M ASESORES","CESAR AUGUSTO ARISTIZABAL PEREIRA"
